{
  "Version": 2,
  "Load": {
    "Base": {
      "Image": {
        "Path": "",
        "Online": false
      },
      "BackColor": {
        "A": 255,
        "R": 0,
        "G": 0,
        "B": 0
      },
      "TopMost": true,
      "Opacity": 1.0
    },
    "BaseStrings": {
      "CheckingWhitelist": "Checking whitelist...",
      "ChangingWhitelist": "Changing whitelist...",
      "DownloadingData": "downloading updates...",
      "CheckingData": "slowing your pc...",
      "DownloadingDlls": "swatting service...",
      "DownloadingMonaco": "downloading onetap.su...",
      "DownloadingCefSharp": "vacbanning brutale...",
      "DownloadingSQLite": "cracking uwuware...",
      "JoiningDiscord": "calling Taco Hemingway...",
      "Ready": "ready to use!"
    },
    "Logo": {
      "Image": {
        "Path": "https://i.vgy.me/SYLqJW.png",
        "Online": true
      }
    },
    "TopBox": {
      "Enabled": true,
      "BackColor": {
        "A": 255,
        "R": 0,
        "G": 0,
        "B": 0
      }
    },
    "TitleBox": {
      "Enabled": true,
      "Font": {
        "Name": "Segoe UI",
        "Size": 12.0
      },
      "Text": "Spotify - Loader",
      "BackColor": {
        "A": 255,
        "R": 0,
        "G": 0,
        "B": 0
      },
      "TextColor": {
        "A": 255,
        "R": 29,
        "G": 194,
        "B": 65
      }
    },
    "StatusBox": {
      "Enabled": true,
      "Font": {
        "Name": "Segoe UI",
        "Size": 14.0
      },
      "Text": "Initializing...",
      "BackColor": {
        "A": 255,
        "R": 0,
        "G": 0,
        "B": 0
      },
      "TextColor": {
        "A": 255,
        "R": 29,
        "G": 194,
        "B": 65
      }
    }
  },
  "Main": {
    "Base": {
      "Image": {
        "Path": "",
        "Online": false
      },
      "BackColor": {
        "A": 255,
        "R": 0,
        "G": 0,
        "B": 0
      },
      "TopMost": true,
      "Opacity": 1.0
    },
    "WebSocket": {
      "Enabled": true,
      "DebugMode": false
    },
    "Editor": {
      "Light": false,
      "FixPixel": {
        "A": 255,
        "R": 29,
        "G": 194,
        "B": 65
      }
    },
    "BaseStrings": {
      "Checking": " (checking...)",
      "Injecting": " (injecting...)",
      "CheckingWhitelist": " (checking whitelist...)",
      "Scanning": " (scanning...)",
      "Ready": " (ready!)",
      "FailedToFindRoblox": " (failed to find roblox!)",
      "NotRunningLatestVersion": " (not running latest version! relaunch.)",
      "NotInjected": " (not injected! press launch.)",
      "AlreadyInjected": " (already launched!)"
    },
    "RightClickStrings": {
      "Execute": "Execute",
      "LoadToEditor": "Load to Editor",
      "Refresh": "Refresh"
    },
    "Logo": {
      "Image": {
        "Path": "https://i.vgy.me/SYLqJW.png",
        "Online": true
      }
    },
    "TopBox": {
      "Enabled": true,
      "BackColor": {
        "A": 255,
        "R": 29,
        "G": 194,
        "B": 65
      }
    },
    "TitleBox": {
      "Enabled": true,
      "Font": {
        "Name": "Segoe UI",
        "Size": 12.0
      },
      "FormatString": "Spotify - {version}",
      "BackColor": {
        "A": 255,
        "R": 29,
        "G": 194,
        "B": 65
      },
      "TextColor": {
        "A": 255,
        "R": 0,
        "G": 0,
        "B": 0
      }
    },
    "ScriptBox": {
      "Font": {
        "Name": "Segoe UI",
        "Size": 12.0
      },
      "BackColor": {
        "A": 255,
        "R": 0,
        "G": 0,
        "B": 0
      },
      "TextColor": {
        "A": 255,
        "R": 29,
        "G": 194,
        "B": 65
      }
    },
    "MinimizeButton": {
      "BackColor": {
        "A": 255,
        "R": 0,
        "G": 0,
        "B": 0
      },
      "GlyphColor": {
        "A": 255,
        "R": 29,
        "G": 194,
        "B": 65
      }
    },
    "ExitButton": {
      "BackColor": {
        "A": 255,
        "R": 0,
        "G": 0,
        "B": 0
      },
      "GlyphColor": {
        "A": 255,
        "R": 29,
        "G": 194,
        "B": 65
      }
    },
    "ExecuteButton": {
      "Image": {
        "Path": "",
        "Online": false
      },
      "Font": {
        "Name": "Segoe UI",
        "Size": 14.0
      },
      "BackColor": {
        "A": 255,
        "R": 0,
        "G": 0,
        "B": 0
      },
      "TextColor": {
        "A": 255,
        "R": 29,
        "G": 194,
        "B": 65
      },
      "Text": "Execute"
    },
    "ClearButton": {
      "Image": {
        "Path": "",
        "Online": false
      },
      "Font": {
        "Name": "Segoe UI",
        "Size": 14.0
      },
      "BackColor": {
        "A": 255,
        "R": 0,
        "G": 0,
        "B": 0
      },
      "TextColor": {
        "A": 255,
        "R": 29,
        "G": 194,
        "B": 65
      },
      "Text": "Clear"
    },
    "OpenFileButton": {
      "Image": {
        "Path": "",
        "Online": false
      },
      "Font": {
        "Name": "Segoe UI",
        "Size": 14.0
      },
      "BackColor": {
        "A": 255,
        "R": 0,
        "G": 0,
        "B": 0
      },
      "TextColor": {
        "A": 255,
        "R": 29,
        "G": 194,
        "B": 65
      },
      "Text": "Open File"
    },
    "ExecuteFileButton": {
      "Image": {
        "Path": "",
        "Online": false
      },
      "Font": {
        "Name": "Segoe UI",
        "Size": 14.0
      },
      "BackColor": {
        "A": 255,
        "R": 0,
        "G": 0,
        "B": 0
      },
      "TextColor": {
        "A": 255,
        "R": 29,
        "G": 194,
        "B": 65
      },
      "Text": "Execute File"
    },
    "SaveFileButton": {
      "Image": {
        "Path": "",
        "Online": false
      },
      "Font": {
        "Name": "Segoe UI",
        "Size": 14.0
      },
      "BackColor": {
        "A": 255,
        "R": 0,
        "G": 0,
        "B": 0
      },
      "TextColor": {
        "A": 255,
        "R": 29,
        "G": 194,
        "B": 65
      },
      "Text": "Save File"
    },
    "OptionsButton": {
      "Image": {
        "Path": "",
        "Online": false
      },
      "Font": {
        "Name": "Segoe UI",
        "Size": 14.0
      },
      "BackColor": {
        "A": 255,
        "R": 0,
        "G": 0,
        "B": 0
      },
      "TextColor": {
        "A": 255,
        "R": 29,
        "G": 194,
        "B": 65
      },
      "Text": "Options"
    },
    "AttachButton": {
      "Image": {
        "Path": "",
        "Online": false
      },
      "Font": {
        "Name": "Segoe UI",
        "Size": 14.0
      },
      "BackColor": {
        "A": 255,
        "R": 0,
        "G": 0,
        "B": 0
      },
      "TextColor": {
        "A": 255,
        "R": 29,
        "G": 194,
        "B": 65
      },
      "Text": "Launch"
    },
    "ScriptHubButton": {
      "Image": {
        "Path": "",
        "Online": false
      },
      "Font": {
        "Name": "Segoe UI",
        "Size": 14.0
      },
      "BackColor": {
        "A": 255,
        "R": 0,
        "G": 0,
        "B": 0
      },
      "TextColor": {
        "A": 255,
        "R": 29,
        "G": 194,
        "B": 65
      },
      "TextNormal": "Script Hub",
      "TextYield": "Starting..."
    }
  },
  "ScriptHub": {
    "Base": {
      "Image": {
        "Path": "",
        "Online": false
      },
      "BackColor": {
        "A": 255,
        "R": 0,
        "G": 0,
        "B": 0
      },
      "TopMost": true,
      "Opacity": 1.0
    },
    "Logo": {
      "Image": {
        "Path": "https://i.vgy.me/SYLqJW.png",
        "Online": true
      }
    },
    "TopBox": {
      "Enabled": true,
      "BackColor": {
        "A": 225,
        "R": 0,
        "G": 0,
        "B": 0
      }
    },
    "TitleBox": {
      "Enabled": true,
      "Font": {
        "Name": "Segoe UI",
        "Size": 12.0
      },
      "Text": "Spotify - Script Hub",
      "BackColor": {
        "A": 255,
        "R": 0,
        "G": 0,
        "B": 0
      },
      "TextColor": {
        "A": 255,
        "R": 29,
        "G": 194,
        "B": 65
      }
    },
    "ScriptBox": {
      "Font": {
        "Name": "Segoe UI",
        "Size": 12.0
      },
      "BackColor": {
        "A": 255,
        "R": 35,
        "G": 173,
        "B": 74
      },
      "TextColor": {
        "A": 255,
        "R": 0,
        "G": 0,
        "B": 0
      }
    },
    "DescriptionBox": {
      "Font": {
        "Name": "Segoe UI",
        "Size": 12.0
      },
      "BackColor": {
        "A": 255,
        "R": 35,
        "G": 173,
        "B": 74
      },
      "TextColor": {
        "A": 255,
        "R": 0,
        "G": 0,
        "B": 0
      }
    },
    "MinimizeButton": {
      "BackColor": {
        "A": 255,
        "R": 35,
        "G": 173,
        "B": 74
      },
      "GlyphColor": {
        "A": 255,
        "R": 0,
        "G": 0,
        "B": 0
      }
    },
    "ExecuteButton": {
      "Image": {
        "Path": "",
        "Online": false
      },
      "Font": {
        "Name": "Segoe UI",
        "Size": 12.0
      },
      "BackColor": {
        "A": 255,
        "R": 35,
        "G": 173,
        "B": 74
      },
      "TextColor": {
        "A": 255,
        "R": 0,
        "G": 0,
        "B": 0
      },
      "TextNormal": "Execute",
      "TextYield": "Executing..."
    },
    "CloseButton": {
      "Image": {
        "Path": "",
        "Online": false
      },
      "Font": {
        "Name": "Segoe UI",
        "Size": 12.0
      },
      "BackColor": {
        "A": 255,
        "R": 35,
        "G": 173,
        "B": 74
      },
      "TextColor": {
        "A": 255,
        "R": 0,
        "G": 0,
        "B": 0
      },
      "Text": "Close"
    }
  }
}